Instance Name,Number of Nodes,Number of Edges,Number of Required Edges,Capacity,Total UAVs,Number of Depot Nodes,Multi-trip Algorithm Execution Time,Multi-trip Algorithm Maximum Trip Time,Mean Simulated Annealing Maximum Trip Time,STDEV Simulated Annealing Maximum Trip Time,Best Simulated Annealing Maximum Trip Time,Mean Execution Time Simulated Annealing-500,STDEV Execution Time Simulated Annealing-500,Best Execution Time Simulated Annealing-500
eglese.2,77,98,49,184.0,12,12,4.09,675.0,649.65,14.485423707990043,620.0,32.12575,1.484257992230461,29.489
eglese.3,77,98,49,184.0,12,12,4.07,675.0,656.85,9.414217970707922,641.0,32.336850000000005,1.0881858883021778,30.102
eglese.4,77,98,49,184.0,12,12,4.089,675.0,650.75,13.877589848385057,619.0,32.40155,0.9522650615768705,30.148
eglese.5,77,98,49,184.0,12,12,3.402,677.0,659.0,6.715653356152326,655.0,36.01434999999999,1.6383824118623833,32.395
eglese.6,77,98,49,184.0,12,12,3.409,677.0,659.75,8.653756409791068,638.0,36.7279,2.299076116617282,34.088
eglese.7,77,98,49,184.0,12,12,3.938,677.0,656.15,4.693346354148605,645.0,40.96155,1.8839218528113102,38.694
eglese.8,77,98,49,184.0,12,12,4.131,677.0,658.0,8.372574275573792,642.0,41.48885,2.3538433523707556,36.826
eglese.9,77,98,49,184.0,12,12,3.531,677.0,662.0,8.191458966508957,655.0,41.48440000000001,3.3271900967633328,34.956
